Word,Frequency
鬼畜,18
调教,14
影视,12
MAD,10
VOCALOID,9
原创,8
单机游戏,8
AMV,8
手书,7
剪辑,7
分钟,6
杂谈,6
同,6
数码,5
祭,5
联盟,5
人力,5
演奏,4
UTAU,4
游戏,4
看,4
拜年,4
MV,4
电影,3
时间,3
依,3
同学,3
何,3
DIY,3
极客,3
世界,3
搞笑,3
单品,3
x,3
动画,3
洛天,3
音,3
翻唱,3
最,3
舞蹈,3
混剪,3
史上,3
版,3
日常,3
动漫,3
音乐,3
酱,3
综合,3
完,2
之王,2
满地,2
吹,2
春风,2
故事,2
改革,2
中华,2
念诗,2
归来,2
才,2
叫,2
Bad,2
Guy,2
短片,2
科学,2
永远,2
妮可,2
还原,2
Rap,2
踩点,2
歌曲,2
浅,2
20,2
哥,2
面筋,2
老王,2
最骚,2
小明,2
线,2
大,2
体验,2
什么,2
剧情,2
所有,2
40,2
电音,2
高能,2
最大,2
高燃,2
更新,2
黑,2
悟空,2
黄金,2
Minecraft,2
制作,2
月,2
用,2
小,2
这才,2
纪念,2
宅舞,2
循环,2
站,2
玩,2
️,2
⚡,2
心理,2
中国,2
百年,2
之,2
法律,2
社科,2
★,2
罗翔,2
跟,2
国,2
向,2
半年,2
给,2
包,2
英雄,2
自己,2
做,2
想,2
自制,2
猫,2
肩,2
单曲,1
快,1
爱,1
重大,1
名为,1
5G,1
烤,1
病,1
使用,1
三无,1
心,1
意义,1
历史,1
融化,1
papi,1
真实,1
波澜,1
OK,1
300GB,1
言,1
电子竞技,1
o,1
≧,1
都,1
▽,1
炮姐,1
≦,1
ツ,1
洗发液,1
成龙,1
这个,1
祭奠,1
战斗,1
火影忍者,1
Rise,1
普通,1
境,1
登峰造极,1
总决赛,1
全球,1
喂狗,1
全明星,1
跟着,1
雷总,1
摇起来,1
Are,1
绝响,1
DISCO,1
you,1
部,1
拒绝,1
天下,1
守护,1
可爱,1
真是太,1
电磁炮,1
胜算,1
毫无,1
将,1
World,1
of,1
Ansesuta,1
主播,1
真会,1
否则,1
表情,1
斗,1
此物,1
声优,1
篇,1
01,1
不要,1
千万,1
全,1
儿女,1
骚猪,1
家,1
看过,1
从未,1
什么样,1
容量,1
散人,1
作,1
大型,1
励志,1
最终,1
蓝蓝,1
路,1
长,1
遭,1
红日,1
表白,1
柔,1
程语,1
梁逸峰,1
外,1
番,1
叶琛,1
朗诵,1
这么,1
屌,1
家里人,1
20.2,1
知道,1
计划,1
养成,1
助理,1
吗,1
娱乐圈,1
剧,1
惊艳,1
良心,1
会,1
危险,1
身边,1
矢泽,1
合作,1
无限,1
燃向,1
得入,1
暴雪,1
门,1
无悔,1
游,1
人生,1
OW,1
GMV,1
九九八十一,1
乐正,1
绫,1
feat,1
合唱,1
only,1
BILIBILI,1
Story,1
Ready,1
21,1
西游记,1
大圣,1
遇到,1
戴荃,1
老师,1
复联,1
前,1
部漫威,1
年度,1
完整,1
大串联,1
桃核,1
麦麥籽,1
编舞,1
第二,1
弹,1
my,1
bilibili,1
敖,1
掏空,1
守护者,1
误解,1
Frozen,1
Guardian,1
感觉,1
身体,1
被,1
by,1
奇缘,1
彩虹,1
室内,1
合唱团,1
Blessing,1
PV,1
婕,1
纶,1
X,1
冰雪,1
厂长,1
Festival,1
烂尾,1
冒险,1
雅,1
达利,1
寻剑,1
Bilibili,1
Dancing,1
主题曲,1
曲,1
交织,1
together,1
Animenz,1
钢琴演奏,1
合集,1
万神纪,1
星尘,1
当,1
爆表,1
同步率,1
155,1
让,1
窒息,1
東方,1
Apple,1
Ｐ,1
Ｖ,1
影絵,1
黑子,1
吃,1
穿越,1
绿光,1
大忠若奸,1
去,1
违,1
周杰伦,1
献唱,1
干净,1
空气,1
神曲,1
爱情故事,1
一发,1
最带,1
感,1
Niconiconi,1
秋山澪,1
折木奉,1
太郎,1
Our,1
周围,1
Tapes,1
不仅,1
开口,1
说话,1
吵架,1
还要,1
把,1
核爆,1
aLIEz,1
燃起,1
网骗,1
漫威,1
1080P,1
全宇宙,1
最棒,1
团队,1
复仇者,1
国际,1
模仿,1
抢,1
口音,1
H1Z1,1
网络游戏,1
魂,1
银魂,1
武士,1
之魂,1
男人,1
本事,1
霍元甲,1
周星驰,1
Mashup,1
版本,1
aHUOz,1
TOP,1
100,1
喜剧之王,1
星爷,1
全盘,1
首单,1
点,1
北,1
大力,1
南逸峰,1
完整版,1
雪姨,1
迷幻,1
小分队,1
回村,1
❤,1
15,1
万元,1
500,1
克,1
敲,1
数万,1
锤,1
纯手工,1
打造,1
三星堆,1
面具,1
80,1
年代,1
电脑,1
能,1
苹果,1
天花,1
正常人,1
赤九玖,1
关于,1
毕设,1
万华,1
镜,1
党庆,1
献礼,1
五十六个,1
民族,1
春晚,1
赵本山,1
就是,1
敢,1
杀,1
马,1
派大星,1
独白,1
麦金塔,1
深度,1
童话,1
镇,1
不负,1
卿,1
木鱼,1
微,1
剧场,1
红楼梦,1
全集,1
鼓乐,1
兰陵王,1
入阵曲,1
耳机,1
开,1
听,1
千军万马,1
清明上河图,1
如来,1
宁负,1
不度,1
学生,1
一段,1
旋律,1
怎么,1
变成,1
一首歌,1
曝光,1
党,1
众生,1
全过程,1
孙悟空,1
林黛玉,1
名著,1
联姻,1
佛度,1
美院,1
清华,1
届,1
发型,1
蹦,1
洋,1
迪,1
火柴,1
VS,1
数学,1
Math,1
一位,1
粉丝,1
看到,1
奔跑,1
样子,1
从头,1
她,1
1920,1
不,1
读书,1
要,1
猛男,1
二舅,1
治好,1
精神,1
内耗,1
破,1
亿,1
新,1
为什么,1
宝岛,1
4K,1
高清,1
重置,1
加强版,1
我们,1
女性,1
变迁,1
文言文,1
时尚,1
万公里,1
传遍,1
漂流,1
相机,1
终于,1
回来,1
我花,1
个,1
房子,1
喵,1
星人,1
无,1
屏风,1
表演,1
口技,1
天,1
300,1
绘画,1
在手,1
潮流,1
广场,1
往事,1
妇,1
仇者,1
枪,1
鹅,1
汉服,1
走,1
文化,1
膨胀,1
当岩,1
彩画,1
遇上,1
灯火阑珊,1
处,1
画中游,1
完结,1
减肥,1
相,1
机,1
战,1
技术,1
宅,1
UP,1
耗时,1
三个,1
最强,1
三天,1
电视,1
硬核,1
草图,1
实物,1
正在,1
送给,1
Fat,1
选项,1
如何,1
逃出,1
这,1
三种,1
循环体,1
随机,1
结局,1
翻拍,1
造,1
出让,1
亿人震碎,1
夜晚,1
龍,1
沙雕,1
FGO,1
诀别,1
25,1
之时,1
野,1
Zoey,1
健身,1
古筝,1
千本,1
樱,1
可见,1
过,1
如此,1
凶残,1
练习曲,1
极乐,1
净土,1
咬人,1
咩,1
周六,1
高低,1
疼痛,1
改善,1
已,1
至,1
其为,1
放手,1
勾指,1
起誓,1
斜方,1
颈背,1
肌,1
粗大,1
溜,1
肩圆肩,1
富贵,1
背厚,1
日,1
年,1
国家,1
七代,1
摄制,1
带,1
绝美,1
祖国,1
大好河山,1
手工,1
魔刀,1
千刃,1
究竟,1
就,1
明白,1
受够了,1
真的,1
不行,1
好,1
联合,1
摄影师,1
8KRAW,1
法,1
建筑师,1
北宋,1
翰林,1
张择端,1
原本,1
强,1
海,1
数百位,1
水,1
视频,1
创意,1
科普,1
盛世,1
超燃,1
逃,1
小丑,1
被困,1
前方,1
番茄,1
杀手,1
第一集,1
60,1
帧,1
定格,1
用高达,1
内,1
跳,1
MJ,1
新作,1
神话,1
13,1
实机,1
演示,1
老,1
合影,1
万人,1
诞辰,1
欢乐,1
惊悚,1
视觉,1
盛宴,1
希斯,1
莱杰,1
周年纪念,1
600,1
73,1
完柯南,1
最全,1
整理,1
拍,1
一张,1
二重奏,1
